not,21215,30.37,adv.不 
its,20888,30.78,pron.它的 
at,20359,31.18,prep.在，处于，以 
an,20334,31.57,没有该单词的解释 
they,20220,31.97,pron.他(她)们，它们 
more,19201,32.34,adj.更多的,更 adv.更 
their,18464,32.70,adj.他们的，它们的 
his,18423,33.06,pron.他的 
will,17123,33.40,v.aux.将，愿 n.意志 
which,15007,33.69,pron.,adj.哪个，那个 
than,14183,33.96,conj.比，除...外 
one,13422,34.23,num.,n.一，一个 
would,12994,34.48,没有该单词的解释 
or,12568,34.72,conj.或者，即，否则 
who,12348,34.97,pron.谁 
up,11739,35.19,adv.向上，起床 
new,11244,35.41,adj.新的，重新的 
been,10714,35.62,没有该单词的解释 
may,10098,35.82,v.可以，也许，祝愿 
next,9826,36.01,adv.下一次，然后 
some,9824,36.20,adj.若干，某一 
th,9817,36.39,没有该单词的解释 
had,9782,36.58,没有该单词的解释 
were,9706,36.77,没有该单词的解释 
about,9551,36.96,prep.关于，大约 
year,9536,37.15,n.年，年度 
can,9154,37.32,v.aux.能，会，可以 
such,9052,37.50,adj.这样的，如此的 
out,9044,37.68,adv.出外，向外，完 
all,8995,37.85,adj.所有的 n.一切 
if,8807,38.02,conj.如果，虽然,是否 
says,8753,38.19,没有该单词的解释 
so,8710,38.36,adv.这样，也一样 
when,8622,38.53,adv.何时 
government,8395,38.70,n.编制，政体，政府 
also,8375,38.86,adv.也 
them,8335,39.02,pron.他(她)们，它们 
most,8313,39.18,adj.最多的 adv.非常 
other,8185,39.34,adj.其他的，别的 
many,8164,39.50,adj.许多的 n.许多 
over,8115,39.66,prep.在...上方，越过 
people,7954,39.82,n.人们，人民，人员 
years,7560,39.96,没有该单词的解释 
article,7490,40.11,n.文章，物品，冠词 
now,7470,40.26,adv.n.现在 conj.既然 
there,7470,40.40,adv.那里，到那里 
into,7310,40.54,prep.到...里面，..成 
only,7143,40.68,adj.唯一的 adv.仅仅 
after,7132,40.82,prep.在...后 
two,7024,40.96,num.二 
no,7007,41.10,adv.不,毫不 adj.没有 
could,6939,41.23,没有该单词的解释 
even,6921,41.37,adj.平坦的，均匀的 
previous,6489,41.49,adj.早先的，先前的 
first,6279,41.61,adj.第一的 adv.首先 
what,6226,41.74,pron.什么 adj.什么的 
articles,6082,41.85,没有该单词的解释 
sections,6001,41.97,没有该单词的解释 
much,5898,42.09,adj.许多的 n.许多 
china,5801,42.20,n.瓷器，陶瓷 
like,5733,42.31,v.喜欢 prep.像 
do,5691,42.42,v.做，干，足够，制作 
america,5689,42.53,n.美国，美洲 
those,5624,42.64,pron.,adj.那些 
time,5610,42.75,n.时间，时候，次数 
print,5559,42.86,v.印刷，出版 n.字体 
her,5521,42.97,pron.她的，她(宾格) 
state,5503,43.08,n.状态，国家，州 
edition,5463,43.18,n.片(本) 
since,5451,43.29,prep.自从 conj.既然 
last,5429,43.39,adj.最后的 adv.上次 
world,5419,43.50,n.世界，...界，世间 
american,5402,43.61,adj.美国的 n.美国人 
just,5273,43.71,adv.只，刚才 
party,5002,43.81,n.聚会，政党，一方 
she,4992,43.90,pron.她 
trump,4990,44.00,没有该单词的解释 
how,4961,44.10,adv.如何，多么，怎样 
yet,4922,44.19,adv.仍然，还，尚 
still,4780,44.29,adj.静止的 adv.仍旧 
see,4734,44.38,v.看见，明白，查看 
between,4722,44.47,prep.在两者之间 
make,4715,44.56,v.做，制造 n.种类 
firms,4694,44.65,没有该单词的解释 
downloaded,4684,44.75,没有该单词的解释 
calibre,4683,44.84,没有该单词的解释 
too,4637,44.93,adv.也，非常 
countries,4626,45.02,没有该单词的解释 
these,4602,45.11,pron.这些 
president,4535,45.20,n.总统，总经理，校长 
m,4497,45.28,没有该单词的解释 
n,4478,45.37,没有该单词的解释 
under,4399,45.46,prep.在...下面 
less,4398,45.54,adj.更少的 adv.较小 
big,4362,45.63,adj.大的，重大的 
because,4308,45.71,conj.因为，由于 
long,4249,45.79,adj.长的 adv.长久 
menu,4224,45.88,n.菜单 
should,4189,45.96,v.应该，会 
business,4134,46.04,n.行业，买卖，商号 
trade,4073,46.12,n.贸易，交换 v.经商 
country,4071,46.20,n.国家，乡间，故乡 
where,4067,46.28,adv.哪里 
might,4022,46.36,v.或许，可以 n.力 
against,4009,46.43,prep.反对，对着 
way,4008,46.51,n.方法，路，方向 
britain,4004,46.59,n.不列颠，英国 
well,3978,46.67,n.井 adv.好，充分 
said,3828,46.74,adj.上述的，该 
section,3810,46.82,n.部分，区域 
before,3804,46.89,prep.在...前面 
market,3787,46.96,n.市场，销路 
power,3759,47.04,n.力，动力，权力 
made,3741,47.11,没有该单词的解释 
another,3703,47.18,pron.,prep.另一个 
him,3699,47.25,pron.他(宾格) 
work,3698,47.33,n.劳动，工作，作品 
main,3690,47.40,adj.主要的 
political,3622,47.47,adj.政治的 
both,3620,47.54,pron.,adj.双方，两 
down,3561,47.61,adv.向下，下降 
economic,3543,47.68,adj.经济的，经济学的 
european,3531,47.75,n.,adj.欧洲人(的) 
eu,3507,47.82,没有该单词的解释 
then,3495,47.88,adv.当时，然后，那么 
economy,3493,47.95,n.经济，节约 
any,3488,48.02,adj.任何，一些 
you,3452,48.09,pron.你，你们 
being,3451,48.15,n.生物，存在 
three,3449,48.22,num.三 
around,3445,48.29,adv.在周围，大约 
off,3432,48.36,adv....去 prep.离开 
back,3371,48.42,n.背 adj.背后的 
own,3359,48.49,adj.自己的 v.拥有 
south,3359,48.55,n.南,南方 adj.南方的 
public,3353,48.62,adj.公众的，公共的 
states,3346,48.68,没有该单词的解释 
bank,3311,48.75,n.岸，银行 
though,3298,48.81,conj.虽然，可是 
take,3181,48.87,v.拿，带，吃，乘 
foreign,3178,48.94,adj.外国的，对外的 
far,3123,49.00,adj.遥远的 adv.远 
banks,3085,49.06,没有该单词的解释 
chinese,3041,49.12,adj.,n.中国的 
national,3039,49.18,adj.民族的，国家的 
through,3027,49.23,prep.通过，借助 
companies,3019,49.29,没有该单词的解释 
money,3015,49.35,n.金钱，货币，财富 
financial,3010,49.41,adj.金融的，财政的 
election,2998,49.47,n.选举 
high,2994,49.53,adj.高的，高度的 
few,2984,49.59,adj.少的 n.少数 
better,2966,49.64,adj.更好的 adv.较好 
americas,2954,49.70,没有该单词的解释 
s,2913,49.76,没有该单词的解释 
get,2912,49.81,v.获得，记住，到达 
part,2902,49.87,n.部分，零件，角色 
minister,2901,49.93,n.教士，部长，大臣 
war,2865,49.98,n.战争，斗争 
firm,2825,50.04,adj.坚固的 n.商号 
often,2794,50.09,adv.经常，常常 
does,2782,50.15,没有该单词的解释 
europe,2760,50.20,n.欧洲 
we,2754,50.25,pron.我们 
past,2735,50.31,adj.过去的 n.过去 
system,2728,50.36,n.系统，体制，制度 
good,2687,50.41,adj.好的，善良的 
right,2674,50.47,adj.正确的，右的 
billion,2656,50.52,n.十亿 
become,2645,50.57,v.变成 
little,2645,50.62,adj.小的，一点，少的 
same,2638,50.67,adj.同样的 
brexit,2624,50.72,没有该单词的解释 
second,2621,50.77,num.第二 n.第二，秒 
used,2620,50.83,没有该单词的解释 
ms,2600,50.88,没有该单词的解释 
oil,2591,50.93,n.油，石油 
old,2587,50.98,adj.老的，...岁的 
did,2584,51.03,没有该单词的解释 
week,2582,51.08,n.星期，周，工作周 
deal,2579,51.13,v.处理，交易 n.买卖 
help,2549,51.18,v.,n.帮助，有助于 
tax,2547,51.23,n.税 v.征税 
free,2542,51.28,adj.自由的，空闲的 
growth,2538,51.33,n.增长，发展，生长 
technology,2536,51.38,n.技术，工艺 
capital,2536,51.43,n.首都，资本 
use,2534,51.48,v.使用 n.用途，利用 
university,2528,51.52,n.大学 
among,2517,51.57,prep.在...之中 
hard,2515,51.62,adj.硬的 adv.努力 
data,2510,51.67,n.(复数)资料，数据 
global,2499,51.72,adj.全世界的，总的 
policy,2499,51.77,n.政策，方针，保险单 
governments,2498,51.82,没有该单词的解释 
say,2492,51.87,v.说 n.发言(权) 
city,2469,51.91,n.城市 
end,2468,51.96,n.结尾 v.终止，结束 
already,2437,52.01,没有该单词的解释 
change,2436,52.06,n.变化，零钱 v.改变 
including,2413,52.10,没有该单词的解释 
former,2409,52.15,adj.以前的，前者 
local,2406,52.20,adj.地方的，当地的 
law,2404,52.25,n.法律，定律 
recent,2403,52.29,adj.近来的，新近的 
home,2372,52.34,n.家，故乡 adv.回家 
need,2371,52.38,n.需要，贫困 v.需要 
without,2370,52.43,prep.没有，在...外部 
british,2358,52.48,adj.英国的，英属的 
half,2344,52.52,n.一半 adv.一半 
called,2340,52.57,没有该单词的解释 
go,2330,52.61,v.去，进行，打算 
left,2324,52.66,adj.左的 adv.向左 
group,2321,52.70,n.群，组，团体 
pay,2309,52.75,v.支付 n.工资 
once,2289,52.79,adv.一度，一次 
prices,2287,52.84,没有该单词的解释 
biggest,2272,52.88,没有该单词的解释 
chinas,2254,52.93,没有该单词的解释 
rather,2252,52.97,adv.相当，颇，宁愿 
think,2246,53.01,v.想，相信，认为 
rates,2245,53.06,没有该单词的解释 
central,2238,53.10,adj.中心的，中央的 
day,2225,53.14,n.一天，白天 
i,2224,53.19,.我 
politics,2219,53.23,n.政治学，政治活动 
found,2202,53.27,v.创办，使有根据 
east,2197,53.32,adj.东方的 n.东方 
likely,2194,53.36,adj.可信的adv.很可能 
number,2190,53.40,n.数字，若干，号码 
markets,2188,53.45,没有该单词的解释 
small,2187,53.49,adj.小的，不重要的 
company,2186,53.53,n.公司，同伴 
ago,2162,53.57,adv....以前 
least,2148,53.61,adj.最少的 
almost,2145,53.66,adv.几乎，差不多 
social,2136,53.70,adj.社会的，社会性的 
must,2136,53.74,v.必须，准是 n.必须 
according,2132,53.78,adj.按照，据...说 
set,2121,53.82,v.放，指定 n.全套 
each,2115,53.86,adj.,adv.名，每个 
others,2107,53.91,没有该单词的解释 
come,2105,53.95,v.来到，出现，发生 
vote,2099,53.99,n.投票(权)，得票数 
interest,2095,54.03,n.兴趣，利息，利益 
international,2091,54.07,adj.国际的 
while,2072,54.11,n.一会儿 conj.当..时 
workers,2067,54.15,没有该单词的解释 
low,2063,54.19,adj.低的，低廉的 
north,2048,54.23,n.北，北方 adj.北的 
run,2037,54.27,v.跑，竞选，行驶 
prime,2034,54.31,adj.首要的，第一的 
jobs,2028,54.35,没有该单词的解释 
put,2020,54.39,v.放置，估价，表达 
investment,1997,54.43,n.投资(额) 
industry,1988,54.47,n.工业，产业，勤奋 
cost,1986,54.50,n.成本，费用 v.花费 
making,1986,54.54,没有该单词的解释 
voters,1979,54.58,没有该单词的解释 
support,1973,54.62,v.支持，资助，支援 
labour,1966,54.66,没有该单词的解释 
life,1945,54.70,n.生活，生命，一生 
rate,1942,54.73,n.比率，速度，费率 
v,1932,54.77,没有该单词的解释 
however,1925,54.81,adv.可是，然而 
price,1921,54.85,n.价格，代价 v.定价 
security,1918,54.88,n.安全，有价证券 
whether,1903,54.92,conj.是否，还是... 
five,1899,54.96,num.五 
want,1890,55.00,v.想要，通辑 n.缺乏 
four,1879,55.03,num.四 
investors,1876,55.07,没有该单词的解释 
things,1875,55.10,没有该单词的解释 
every,1868,55.14,adj.每个，所有的 
why,1867,55.18,adv.为什么 
across,1864,55.21,prep.横越 adv.横穿 
africa,1862,55.25,n.非洲 
during,1853,55.29,prep.在...期间 
example,1843,55.32,n.例子，榜样 
best,1838,55.36,adj.最好的 
rules,1836,55.39,没有该单词的解释 
campaign,1830,55.43,n.战役，运动 
court,1819,55.47,n.法庭，宫廷，球场 
share,1810,55.50,n.份，股份 v.分配 
house,1806,55.54,n.房子，剧场，家 
young,1804,55.57,adj.年轻的 n.青年人 
times,1800,55.61,没有该单词的解释 
police,1796,55.64,n.警察(局) 
leaders,1793,55.68,没有该单词的解释 
mrs,1793,55.71,没有该单词的解释 
keep,1790,55.75,v.保持，保留，防止 
future,1780,55.78,n.将来，前途 
private,1775,55.82,adj.私人的，秘密的 
health,1773,55.85,n.健康(状况) 
months,1772,55.88,没有该单词的解释 
third,1771,55.92,num.第三，三分之一 
worlds,1771,55.95,没有该单词的解释 
services,1767,55.99,没有该单词的解释 
enough,1761,56.02,adj.,adv.足够(的) 
crisis,1749,56.06,n.危险，危险期 
women,1734,56.09,没有该单词的解释 
countrys,1730,56.12,没有该单词的解释 
trumps,1729,56.16,没有该单词的解释 
place,1728,56.19,n.地方，位置 v.放置 
children,1705,56.22,没有该单词的解释 
problem,1704,56.26,n.课题，难题，问题 
known,1704,56.29,没有该单词的解释 
different,1703,56.32,adj.不同的，各种 
month,1698,56.36,n.月份 
britains,1697,56.39,没有该单词的解释 
find,1695,56.42,v.寻找，找到，发现 
bn,1685,56.46,没有该单词的解释 
case,1681,56.49,n.事实，案例，箱子 
term,1680,56.52,n.期限，学期，术语 
russia,1675,56.55,n.俄罗斯，俄语 
control,1675,56.59,v.,n.控制，管理 
adj,1674,56.62,没有该单词的解释 
ever,1672,56.65,adv.曾经，总是，究竟 
days,1671,56.68,没有该单词的解释 
large,1667,56.72,adj.大的，巨大的 
away,1653,56.75,adv.去，远离，在远处 
based,1651,56.78,没有该单词的解释 
early,1649,56.81,adj.早的，初期的 
london,1644,56.85,没有该单词的解释 
office,1640,56.88,n.办公室，事务所 
middle,1634,56.91,n.当中 adj.中部的 
quantum,1632,56.94,没有该单词的解释 
seems,1627,56.97,没有该单词的解释 
never,1626,57.01,adv.从不，永不，未曾 
point,1622,57.04,n.尖，点，分 v.指 
donald,1618,57.07,没有该单词的解释 
makes,1613,57.10,没有该单词的解释 
research,1610,57.13,v.,n.调查，研究 
union,1601,57.16,n.联合，联盟，联合会 
very,1588,57.19,adv.很，非常 
rich,1583,57.22,adj.富的，富饶的 
poor,1582,57.25,adj.穷的，差的 
centre,1575,57.29,没有该单词的解释 
united,1572,57.32,states   n.美国，合众国 
growing,1568,57.35,没有该单词的解释 
until,1560,57.38,prep.,conj.到...为止 
working,1559,57.41,没有该单词的解释 
ones,1551,57.44,没有该单词的解释 
gdp,1550,57.47,没有该单词的解释 
higher,1549,57.50,没有该单词的解释 
within,1546,57.53,prep.,adv.在...内 
again,1545,57.56,adv.再，又 
means,1541,57.59,n.手段，财力 
spending,1538,57.62,没有该单词的解释 
rise,1536,57.65,v.起立，晋级，增长 
perhaps,1534,57.68,adv.也许，多半 
members,1533,57.71,没有该单词的解释 
several,1531,57.74,adj.几个 
leader,1529,57.77,n.领导，领袖 
itself,1529,57.80,pron.它自己 
appeared,1512,57.83,没有该单词的解释 
anti,1503,57.86,没有该单词的解释 
west,1501,57.89,n.西方 adj.向西的 
recently,1494,57.92,adv.近来，最近 
energy,1484,57.94,n.精力，活力，能量 
given,1483,57.97,没有该单词的解释 
general,1482,58.00,adj.一般的，总的 
cut,1461,58.03,v.割，切，削减，切断 
took,1458,58.06,没有该单词的解释 
instead,1448,58.09,adv.代替，而是 
school,1438,58.11,n.学校，上学，学系 
our,1433,58.14,pron.我们的 
led,1432,58.17,没有该单词的解释 
demand,1428,58.20,v.,n.要求，需求 
later,1427,58.23,adv.更晚，以后，过后 
came,1426,58.25,没有该单词的解释 
great,1424,58.28,adj.大的，伟大的 
risk,1424,58.31,n.,v.冒险，风险 
real,1423,58.34,adj.真的，纯粹的 
nearly,1422,58.37,adv.几乎，差不多 
although,1420,58.39,conj.虽然 
themselves,1417,58.42,pron.他们、它们自己 
finance,1415,58.45,n.金融 v.资助 
start,1407,58.48,v.开始，着手，发动 
average,1401,58.50,adj.平均的 n.平均数 
whose,1401,58.53,pron.谁的 
turn,1393,58.56,v.转向，旋转 n.轮流 
idea,1389,58.58,n.思想，主意，打算 
human,1388,58.61,adj.人的，人类的 
job,1386,58.64,n.工作，活儿，差使 
men,1385,58.67,没有该单词的解释 
economics,1385,58.69,n.经济学 
white,1385,58.72,adj.白的 n.白色,蛋清 
look,1383,58.75,v.看，看上去 n.外表 
officials,1382,58.77,没有该单词的解释 
head,1377,58.80,n.头，领导 v.率领 
open,1370,58.83,adj.开的 v.打开 
report,1364,58.85,v.报告，报导，报道 
using,1363,58.88,没有该单词的解释 
budget,1362,58.91,n.预算 
wants,1362,58.93,没有该单词的解释 
history,1358,58.96,n.历史 
chief,1354,58.99,adj.首席的，首要的 
march,1352,59.01,n.,v.行进，行军 
costs,1349,59.04,没有该单词的解释 
media,1349,59.07,没有该单词的解释 
care,1345,59.09,n.注意，小心 v.关心 
man,1343,59.12,n.人，男人，人类 
plans,1342,59.14,没有该单词的解释 
politicians,1339,59.17,没有该单词的解释 
economist,1339,59.20,没有该单词的解释 
rights,1338,59.22,没有该单词的解释 
online,1338,59.25,没有该单词的解释 
leave,1336,59.27,v.出发，离开 n.休假 
western,1334,59.30,adj.西的，西方的 
exchange,1334,59.33,v.交换，兑换 n.交易 
education,1332,59.35,n.教育，训练 
single,1331,59.38,adj.单个的，单身的 
cities,1330,59.40,没有该单词的解释 
give,1329,59.43,没有该单词的解释 
having,1329,59.46,没有该单词的解释 
further,1329,59.48,adv.更远，进一步 
short,1320,59.51,adj.短的，矮的 
french,1319,59.53,adj.法国的 n.法语 
forces,1315,59.56,没有该单词的解释 
republican,1314,59.58,n.,adj.共和(派)的 
groups,1305,59.61,没有该单词的解释 
longer,1305,59.64,没有该单词的解释 
show,1305,59.66,v.显示，表明 n.演出 
going,1304,59.69,没有该单词的解释 
family,1298,59.71,n.家庭，家属 
today,1296,59.74,adv.今天,现在 n.今日 
germany,1294,59.76,n.德国 
india,1286,59.79,n.印度 
building,1282,59.81,n.建筑物，大楼 
important,1282,59.84,adj.重要的，重大的 
water,1279,59.86,n.水 v.浇水，垂涎 
lower,1271,59.89,v.降低，减弱 
cannot,1271,59.91,没有该单词的解释 
plan,1268,59.94,n.计划,平面图 v.打算 
order,1267,59.96,n.命令，订货，次序 
value,1265,59.99,n.价值 v.评价，估价 
outside,1264,60.01,n.外部 adv.在外面 
bad,1257,60.03,adj.坏的，低劣的 
nuclear,1253,60.06,adj.核的，原子核的 
century,1253,60.08,n.世纪 
decades,1249,60.11,没有该单词的解释 
something,1249,60.13,pron.某事，某物 
seen,1244,60.16,没有该单词的解释 
ten,1238,60.18,num.十 
federal,1234,60.20,adj.联邦的 
despite,1234,60.23,prep.不管，任凭 
france,1233,60.25,n.法国 
face,1230,60.28,n.脸，正面 v.面对 
opposition,1226,60.30,n.敌对，反抗 
russian,1224,60.32,n.,adj.俄国(人)的 
income,1224,60.35,n.收入，所得 
non,1223,60.37,没有该单词的解释 
six,1221,60.40,num.六 
democratic,1221,60.42,adj.民主的 
debt,1219,60.44,n.债，债务 
problems,1218,60.47,没有该单词的解释 
your,1216,60.49,pron.你的，你们的 
service,1216,60.51,n.服务，公共设施 
hours,1210,60.54,没有该单词的解释 
chart,1209,60.56,n.图表 v.制定计划 
result,1203,60.59,n.结果，效果，后果 
done,1202,60.61,没有该单词的解释 
air,1201,60.63,n.空气，气派 
buy,1197,60.66,v.买，购买 
close,1196,60.68,down   n.倒闭 
presidential,1194,60.70,adj.总统的 
similar,1192,60.73,adj.类似的，相象的 
needs,1190,60.75,没有该单词的解释 
americans,1189,60.77,没有该单词的解释 
top,1187,60.80,n.顶，盖子 v.高于 
force,1184,60.82,n.力，力量 v.强迫 
book,1180,60.84,n.书 v.预订(票) 
population,1176,60.86,n.人口 
january,1170,60.89,n.一月 
able,1170,60.91,adj.有能力的，能干的 
cash,1169,60.93,n.现金 v.兑现 
clear,1169,60.96,adj.清楚的，明确的 
behind,1169,60.98,prep.在...后面 
land,1168,61.00,n.陆地，土地 v.着陆 
reason,1159,61.02,n.原因，理由 v.推论 
clinton,1158,61.05,没有该单词的解释 
black,1158,61.07,adj.黑的 n.黑色 
co,1156,61.09,没有该单词的解释 
move,1156,61.11,v.移动，推动，搬家 
trying,1155,61.14,没有该单词的解释 
towards,1155,61.16,没有该单词的解释 
decade,1151,61.18,n.十年 
probably,1151,61.20,adv.或许，大概 
headline,1149,61.23,n.通栏标题 
parties,1149,61.25,没有该单词的解释 
lost,1149,61.27,adj.失去的 
asia,1149,61.29,n.亚洲 
military,1148,61.32,adj.军事的，好斗的 
seem,1145,61.34,v.好象，似乎 
taking,1145,61.36,没有该单词的解释 
legal,1144,61.38,adj.合法的，法律的 
taken,1141,61.40,没有该单词的解释 
held,1140,61.43,没有该单词的解释 
full,1139,61.45,adj.满的，完全的 
schools,1138,61.47,没有该单词的解释 
current,1136,61.49,adj.现令的 n.流 
remain,1134,61.52,n.依旧的，剩余，逗留 
st,1134,61.54,没有该单词的解释 
german,1133,61.56,adj.德国的 n.德语 
age,1125,61.58,n.年龄，时代 
elections,1120,61.60,没有该单词的解释 
york,1120,61.63,没有该单词的解释 
post,1113,61.65,n.柱，职位 v.邮寄 
return,1111,61.67,v.回归，归还 n.归来 
expected,1110,61.69,没有该单词的解释 
reform,1109,61.71,v.,n.改革，改造 
offer,1107,61.73,v.,n.提供，报盘 
border,1102,61.76,n.国界，边境 
corruption,1101,61.78,n.腐败，腐化 
getting,1100,61.80,没有该单词的解释 
internet,1097,61.82,没有该单词的解释 
soon,1096,61.84,adv.不久，很快，早 
ways,1093,61.86,没有该单词的解释 
fact,1093,61.88,n.事实，真相 
self,1091,61.90,n.自己，自身，品质 
began,1091,61.93,没有该单词的解释 
points,1091,61.95,没有该单词的解释 
effect,1088,61.97,n.后果，效力 v.导致 
dr,1087,61.99,没有该单词的解释 
together,1085,62.01,adv.共同，一起，同时 
popular,1085,62.03,adj.受欢迎的 
food,1083,62.05,n.食物，食粮 
obama,1083,62.07,没有该单词的解释 
hope,1082,62.10,v.,n.希望，愿望 
news,1082,62.12,n.新闻，消息 
know,1082,62.14,n.知道，认识，懂 
referendum,1079,62.16,没有该单词的解释 
won,1075,62.18,没有该单词的解释 
possible,1074,62.20,adj.可能的 
late,1073,62.22,adj.迟到的，晚的 
especially,1068,62.24,adv.特别地，专门地 
largest,1066,62.26,没有该单词的解释 
parliament,1064,62.28,n.议会，国会 
fall,1059,62.30,v.落下，跌倒 n.瀑布 
always,1057,62.33,adv.总是，始终 
official,1056,62.35,n.官员 adj.官方的 
fund,1049,62.37,n.基金，资金，蕴藏 
went,1048,62.39,没有该单词的解释 
japan,1046,62.41,n.日本 
development,1043,62.43,n.进展，发展 
needed,1041,62.45,没有该单词的解释 
line,1041,62.47,n.行，线条，界线 
car,1039,62.49,n.小汽车 
businesses,1037,62.51,没有该单词的解释 
science,1036,62.53,n.科学，学科 
process,1032,62.55,n.程序，过程 v.处理 
refugees,1032,62.57,没有该单词的解释 
paid,1031,62.59,没有该单词的解释 
turkey,1029,62.61,n.火鸡adj.,n.土耳其 
apr,1029,62.63,没有该单词的解释 
became,1028,62.65,没有该单词的解释 
question,1024,62.67,n.问题，疑问 v.询问 
hold,1023,62.69,v.握住，容纳 n.控制 
sales,1021,62.71,n.销售 adj.出售的 
win,1021,62.73,v.赢得，成功 
congress,1020,62.75,n.(代表)大会，国会 
study,1019,62.77,v.,n.学习，研究 
mar,1018,62.79,没有该单词的解释 
rule,1018,62.81,n.法规，常规，统治 
thought,1016,62.83,n.想法，思想，关怀 
worth,1014,62.85,n.价值 adj.值...的 
doing,1014,62.87,没有该单词的解释 
common,1013,62.89,adj.共同的，普通的 
information,1013,62.91,n.通知，情报，资料 
suggests,1013,62.93,没有该单词的解释 
places,1012,62.95,没有该单词的解释 
rd,1012,62.97,没有该单词的解释 
immigration,1008,62.99,n.移居入境 
army,1008,63.01,n.军队，陆军 
defence,1007,63.03,n.保卫，防御 
june,1003,63.04,n.六月 
himself,1002,63.06,pron.他自己 
african,1002,63.08,adj.非洲的 n.非洲人 
democracy,1002,63.10,n.民主，民主政体 
death,1001,63.12,n.死，死亡 
stop,1000,63.14,v.停止，终止 n.停止 
along,997,63.16,prep.沿着 adv.一起 
live,996,63.18,v.居住,生存 adj.活的 
systems,995,63.20,没有该单词的解释 
dont,994,63.22,没有该单词的解释 
form,990,63.24,n.形状，类型，表格 
students,988,63.26,没有该单词的解释 
build,987,63.28,v.建造，建设 
helped,987,63.30,没有该单词的解释 
indeed,986,63.32,adv.的确，实际上 
april,981,63.34,n.四月 
areas,976,63.35,没有该单词的解释 
comes,975,63.37,没有该单词的解释 
customers,975,63.39,没有该单词的解释 
cars,972,63.41,没有该单词的解释 
february,972,63.43,n.二月 
remains,971,63.45,n.剩余，遗迹，遗体 
side,967,63.47,n.边，面，侧面，一方 
mostly,963,63.49,adv.主要地，大多 
funds,961,63.51,没有该单词的解释 
earlier,957,63.52,没有该单词的解释 
corporate,956,63.54,n.有限公司 
sea,956,63.56,n.海，海洋 
published,956,63.58,没有该单词的解释 
compared,956,63.60,没有该单词的解释 
class,954,63.62,n.阶级，种类，班级 
started,951,63.64,没有该单词的解释 
laws,947,63.65,没有该单词的解释 
region,946,63.67,n.地区，地域，地带 
parts,937,63.69,没有该单词的解释 
quarter,936,63.71,n.四分之一，一刻钟 
increase,936,63.73,v.,n.增加，增长 
december,934,63.75,n.十二月 
strong,933,63.76,adj.强壮的，强烈的 
lead,932,63.78,v.引导，领先，率领 
near,932,63.80,adv.近 adj.近的 
inflation,930,63.82,n.充气，通货膨胀 
built,929,63.84,没有该单词的解释 
hand,925,63.85,n.手，人手，指针 
per,922,63.87,prep.每，由，按照 
access,922,63.89,n.接近，入口 
latest,919,63.91,没有该单词的解释 
policies,919,63.93,没有该单词的解释 
role,918,63.94,n.角色，作用 
evidence,918,63.96,n.证据，迹象 
xi,918,63.98,没有该单词的解释 
bill,917,64.00,n.帐单，议案，钞票 
nothing,915,64.02,n.没有东西 adv.毫不 
justice,914,64.03,n.公正，正直 
lot,913,64.05,n.许多，地 adv.相当 
success,912,64.07,n.成功 
liberal,911,64.09,adj.思想开放的 
thus,908,64.10,adv.如此，这样，因而 
harder,908,64.12,没有该单词的解释 
hong,905,64.14,没有该单词的解释 
turned,903,64.16,没有该单词的解释 
profits,903,64.18,没有该单词的解释 
peace,903,64.19,n.和平，平静，和约 
sort,903,64.21,n.种类 v.分类，拣 
civil,903,64.23,adj.民用的，民事的 
korea,902,64.25,没有该单词的解释 
benefits,901,64.26,没有该单词的解释 
euro,899,64.28,没有该单词的解释 
sense,899,64.30,n.感官，感觉，见识 
failed,898,64.32,没有该单词的解释 
bring,897,64.33,v.拿来，带来 
results,896,64.35,没有该单词的解释 
approach,896,64.37,v.接近 n.途径 
products,895,64.39,没有该单词的解释 
credit,895,64.40,n.信誉，信用 v.相信 
level,894,64.42,n.水平，级 v.弄平 
migrants,894,64.44,没有该单词的解释 
pressure,893,64.46,n.压力，繁忙，紧迫 
jan,892,64.47,没有该单词的解释 
conservative,889,64.49,adj.保守的，稳健的 
syria,889,64.51,没有该单词的解释 
rising,888,64.52,没有该单词的解释 
property,888,64.54,n.财产，地产，特性 
particularly,886,64.56,adv.特别地 
november,886,64.58,n.十一月 
agreement,886,64.59,n.一致，协议 
either,884,64.61,adj.二者之一 adv.也 
model,882,64.63,n.模范，模型，模特儿 
bigger,877,64.65,没有该单词的解释 
assets,877,64.66,没有该单词的解释 
fear,877,64.68,n.,v.害怕，担忧 
provide,875,64.70,v.供给，提供，准备 
currency,875,64.71,n.通货，货币 
call,875,64.73,v.叫，称为，打电话 
claims,872,64.75,没有该单词的解释 
movement,872,64.76,n.活动，运动，动作 
easy,871,64.78,adj.容易的，轻松的 
mean,870,64.80,v.打算，意指 
drug,869,64.82,n.药物，麻醉剂 
shows,868,64.83,没有该单词的解释 
allow,868,64.85,v.允许，许可 
team,863,64.87,n.小队 v.协同工作 
majority,862,64.88,n.多数，过半数 
let,860,64.90,v.让，使 
running,860,64.92,adj.连续的 n.经营 
special,859,64.93,adj.特别的，专门的 
huge,858,64.95,adj.庞大的，巨大的 
act,858,64.97,n.行为，法令 v.表演 
looks,856,64.98,没有该单词的解释 
goods,856,65.00,n.货物，商品 
thousands,855,65.02,没有该单词的解释 
beyond,852,65.03,prep.在...那边，超出 
english,850,65.05,n.,adj.英国的，英语 
told,849,65.07,没有该单词的解释 
efforts,849,65.08,没有该单词的解释 
sell,848,65.10,v.卖，出售 
supply,846,65.12,v.供应，供给 
indicators,846,65.13,没有该单词的解释 
numbers,846,65.15,没有该单词的解释 
above,843,65.17,prep.在...之上，高于 
terms,843,65.18,没有该单词的解释 
programme,841,65.20,没有该单词的解释 
taxes,839,65.22,没有该单词的解释 
intelligence,839,65.23,n.智慧，情报 
looking,839,65.25,没有该单词的解释 
changes,838,65.26,没有该单词的解释 
account,837,65.28,n.账目 v.说明 
candidate,836,65.30,n.候选人 
killed,835,65.31,没有该单词的解释 
calls,832,65.33,没有该单词的解释 
increasingly,826,65.35,adv.日益，越来越 
infrastructure,825,65.36,没有该单词的解释 
secretary,824,65.38,n.秘书，部长，书记 
us,823,65.39,pron.我们(宾格) 
indian,822,65.41,adj.,n.印度人(的) 
here,819,65.43,adv.这里，在这里 
fell,819,65.44,v.砍到 
letters,815,65.46,没有该单词的解释 
talk,815,65.47,v.谈话 n.讲话，会谈 
area,815,65.49,n.地区，面积，领域 
worse,815,65.51,adj.更坏的，更差的 
sometimes,814,65.52,adv.有时，不时 
total,812,65.54,adj.总 n.总和，合计 
create,811,65.55,v.创造，创作，造成 
got,811,65.57,没有该单词的解释 
potential,811,65.58,adj.潜在的 n.潜力 
nor,809,65.60,conj.也不，也没 
books,808,65.62,没有该单词的解释 
matter,808,65.63,n.事情，物资，毛病 
cause,806,65.65,n.原因，理由，事业 
announced,804,65.66,没有该单词的解释 
paper,802,65.68,n.纸，报纸，文件 
saudi,801,65.69,没有该单词的解释 
decision,799,65.71,n.决定，决议 
spent,798,65.73,没有该单词的解释 
speech,795,65.74,n.演说，语言能力 
e,795,65.76,没有该单词的解释 
production,794,65.77,n.生产，制造 
partys,794,65.79,没有该单词的解释 
smaller,794,65.80,没有该单词的解释 
un,794,65.82,没有该单词的解释 
republicans,794,65.83,没有该单词的解释 
true,793,65.85,adj.真实的，真正的 
view,791,65.86,n.视域，景色，见解 
light,790,65.88,n.光，灯 adj.明亮的 
al,789,65.90,没有该单词的解释 
citizens,789,65.91,没有该单词的解释 
name,788,65.93,n.姓名，名称 v.命名 
september,786,65.94,n.九月 
attack,782,65.96,v.,n.进攻，侵袭 
tech,781,65.97,没有该单词的解释 
competition,780,65.99,n.竞争，比赛 
loans,777,66.00,没有该单词的解释 
fri,775,66.02,没有该单词的解释 
executive,775,66.03,adj.执行的 n.执行者 
partly,774,66.05,adv.部分地 
deals,774,66.06,没有该单词的解释 
try,773,66.08,v.尝试，审讯 n.尝试 
alone,772,66.09,adj.单独的，仅仅 
reforms,772,66.11,没有该单词的解释 
consumers,771,66.12,没有该单词的解释 
modern,771,66.14,adj.现代的，时髦的 
weeks,770,66.15,没有该单词的解释 
washington,770,66.17,没有该单词的解释 
boss,768,66.18,n.上司，老板 
quickly,768,66.20,adv.快，迅速地 
test,767,66.21,v.,n.测验，试验 
space,765,66.23,n.空间，太空，空地 
greater,765,66.24,没有该单词的解释 
abroad,764,66.26,adv.国外，海外 
promised,764,66.27,没有该单词的解释 
road,763,66.29,n.道路，路 
arts,762,66.30,没有该单词的解释 
feb,762,66.32,没有该单词的解释 
my,761,66.33,pron.我的 
owned,760,66.35,没有该单词的解释 
july,759,66.36,n.七月 
simply,758,66.38,adv.简单地，仅 
parents,757,66.39,没有该单词的解释 
elsewhere,757,66.41,adv.在别处 
islamic,757,66.42,没有该单词的解释 
language,753,66.44,n.语言 
record,752,66.45,v.记录，录音 n.记录 
living,752,66.46,adj.活着的 n.生计 
suggest,751,66.48,v.建议，暗示 
sector,751,66.49,n.部分，部门 
whom,750,66.51,pron.谁(宾格) 
words,750,66.52,没有该单词的解释 
believe,749,66.54,v.相信，认为 
threat,748,66.55,n.恐吓，威胁 
institute,747,66.57,n.(专科)学院 v.建立 
rest,747,66.58,v.休息 n.休息，休止 
thing,746,66.60,n.东西，事情 
unlikely,745,66.61,adj.未必的，不象的 
tank,744,66.62,n.油箱，水箱，坦克 
chance,744,66.64,n.机会，可能性 
bonds,743,66.65,没有该单词的解释 
works,743,66.67,n.工厂 
brought,743,66.68,没有该单词的解释 
aid,743,66.70,n.,v.援助，救护 
dollar,742,66.71,n.元，美元 
stay,741,66.73,v.停留，暂住，保持 
de,741,66.74,没有该单词的解释 
asked,740,66.76,没有该单词的解释 
takes,740,66.77,没有该单词的解释 
management,739,66.78,n.管理(人员)，经营 
researchers,739,66.80,没有该单词的解释 
particular,739,66.81,adj.特殊的 n.项目 
town,737,66.83,n.市镇，城市，闹市 
independence,736,66.84,n.独立，自主 
crime,736,66.86,n.罪，罪行 
project,736,66.87,n.计划 v.设计，射出 
commission,736,66.88,n.,v.委托，委任 
digital,736,66.90,adj.数字的 
hit,735,66.91,v.打，碰，打击 
fight,735,66.93,v.打仗，战斗，作斗争 
annual,735,66.94,adj.每年的，年度的 
cases,733,66.96,没有该单词的解释 
indias,731,66.97,没有该单词的解释 
violence,731,66.98,n.猛烈，暴力，暴行 
fallen,731,67.00,没有该单词的解释 
difficult,730,67.01,adj.困难的 
gas,729,67.03,n.气体，煤气，汽油 
feel,728,67.04,v.感到，摸，意识到 
putin,728,67.06,没有该单词的解释 
drugs,728,67.07,没有该单词的解释 
mexico,727,67.08,n.墨西哥 
press,727,67.10,v.压，榨，按 n.印刷 
kind,726,67.11,n.种类 adj.仁慈的 
allowed,726,67.13,没有该单词的解释 
authorities,725,67.14,没有该单词的解释 
ahead,724,67.15,adv.在...前 
boost,724,67.17,v.抬高，促进 
john,722,67.18,没有该单词的解释 
red,721,67.20,adj.红的 n.红色 
users,721,67.21,没有该单词的解释 
australia,720,67.23,n.澳大利亚 
david,719,67.24,没有该单词的解释 
meanwhile,719,67.25,adv.,n.在这期间 
october,719,67.27,n.十月 
fewer,718,67.28,没有该单词的解释 
response,715,67.30,v.答复，反应，响应 
lives,715,67.31,没有该单词的解释 
society,714,67.32,n.社会，协会，社交界 
supporters,713,67.34,没有该单词的解释 
claim,713,67.35,v.要求，索赔，声称 
industrial,712,67.36,adj.工业的 
talks,710,67.38,没有该单词的解释 
england,710,67.39,n.英格兰，英国 
computer,709,67.41,n.计算机 
revolution,707,67.42,n.革命，变革 
regime,706,67.43,n.政体，制度 
street,706,67.45,n.大街 
really,703,67.46,adv.真正地，果然 
hopes,703,67.48,没有该单词的解释 
agency,702,67.49,n.代理，代理处 
worry,701,67.50,v.,v.烦恼，担心 
economists,700,67.52,没有该单词的解释 
northern,700,67.53,adj.北方的，北部的 
powerful,698,67.54,adj.有力的，强的 
polls,697,67.56,没有该单词的解释 
nd,697,67.57,没有该单词的解释 
victory,695,67.58,n.胜利 
coming,694,67.60,没有该单词的解释 
include,693,67.61,v.包括 
died,693,67.62,没有该单词的解释 
fast,693,67.64,adj.快的 adv.快 
iran,693,67.65,没有该单词的解释 
becoming,691,67.67,没有该单词的解释 
front,691,67.68,n.正面，前线 v.面对 
output,689,67.69,n.出产，产量 
seven,689,67.71,num.七 
fighting,689,67.72,没有该单词的解释 
network,688,67.73,n.网络，网状组织 
leaving,686,67.75,没有该单词的解释 
raise,686,67.76,v.举起，提高，唤起 
software,685,67.77,n.软件 
domestic,685,67.79,adj.家里的，国内的 
art,685,67.80,n.艺术，技艺 
shares,684,67.81,没有该单词的解释 
reduce,684,67.83,v.减少，贬为 
deep,684,67.84,adj.深的，深远的 
google,684,67.85,没有该单词的解释 
story,683,67.87,n.故事，小说，经历 
notes,683,67.88,没有该单词的解释 
attacks,682,67.89,没有该单词的解释 
index,682,67.91,n.索引，标志，指数 
lack,681,67.92,v.,n.缺少 
ground,680,67.93,n.地面，场，根据 
wrong,680,67.95,adj.错误的，有毛病的 
muslim,679,67.96,没有该单词的解释 
scale,679,67.97,n.刻度，等级，秤 
bit,679,67.99,n.小片，一点 
debate,678,68.00,v.,n.辩论，讨论 
staff,678,68.01,n.工作人员，棒子 
exports,677,68.02,没有该单词的解释 
thanks,676,68.04,n.感谢 int.谢谢 
whole,676,68.05,adj.全部的 n.全部 
play,674,68.06,v.玩，扮演，演奏 
largely,674,68.08,adv.大部分，基本上 
trading,673,68.09,没有该单词的解释 
tried,672,68.10,没有该单词的解释 
kong,671,68.12,没有该单词的解释 
backed,670,68.13,没有该单词的解释 
pro,670,68.14,没有该单词的解释 
race,668,68.16,n.种族，竞赛 v.赛跑 
argues,667,68.17,没有该单词的解释 
gone,665,68.18,没有该单词的解释 
created,665,68.19,没有该单词的解释 
democrats,663,68.21,没有该单词的解释 
gave,660,68.22,没有该单词的解释 
arab,660,68.23,n.阿拉伯 
insurance,660,68.25,n.保险(业)，保障 
easier,660,68.26,没有该单词的解释 
ruling,660,68.27,adj.统治的 
administration,660,68.29,n.行政管理，管理机关 
electricity,658,68.30,n.电 
sold,658,68.31,没有该单词的解释 
eight,657,68.32,num.八 
ideas,657,68.34,没有该单词的解释 
below,657,68.35,adj.,prep.在...下面 
projects,655,68.36,没有该单词的解释 
course,655,68.37,n.过程，路线，课程 
council,654,68.39,n.理事会，委员会 
japanese,654,68.40,n.,adj.日本人(的) 
charge,653,68.41,v.收费，冲向，控告 
member,652,68.43,n.成员，会员 
cheap,651,68.44,adj.便宜的，可鄙的 
influence,651,68.45,n.影响，势力(范围) 
manufacturing,651,68.46,没有该单词的解释 
emerging,650,68.48,没有该单词的解释 
instance,649,68.49,n.例子 
economies,649,68.50,没有该单词的解释 
impact,648,68.51,n.冲击，影响 
candidates,648,68.53,没有该单词的解释 
climate,647,68.54,n.气候 
grow,647,68.55,v.增长，成长，种植 
issue,646,68.56,v.发行,发布 n.发行物 
born,646,68.58,adj.出生的，天生的 
eventually,646,68.59,adv.最终，终于 
target,644,68.60,n.目标，对象，靶 
millions,643,68.62,没有该单词的解释 
wages,643,68.63,没有该单词的解释 
green,641,68.64,adj.绿的，没有经验的 
goes,640,68.65,没有该单词的解释 
mobile,639,68.66,adj.机动的，流动的 
standards,636,68.68,没有该单词的解释 
institutions,636,68.69,没有该单词的解释 
continue,635,68.70,v.继续，连续，依旧 
increased,633,68.71,没有该单词的解释 
body,633,68.73,n.身体，尸体，团体 
step,632,68.74,n.脚步，台阶，步骤 
television,630,68.75,n.电视，电视机 
selling,630,68.76,没有该单词的解释 
rival,628,68.78,n.对手 adj.竞争的 
natural,628,68.79,adj.自然的，通常的 
following,627,68.80,adj.下列的，其次的 
culture,627,68.81,n.文化，养殖 
thinks,627,68.82,没有该单词的解释 
supreme,626,68.84,adj.最高的 
facebook,626,68.85,没有该单词的解释 
department,625,68.86,n.部，部门，系 
southern,625,68.87,adj.南的，南方的 
experience,625,68.89,n.,v.经历，经验 
choice,624,68.90,n.选择，选中的人或物 
seemed,623,68.91,没有该单词的解释 
fiscal,623,68.92,没有该单词的解释 
everything,623,68.93,pron.事事，一切 
progress,622,68.95,n.,v.进步，进展 
person,622,68.96,n.人，人称，身体 
giant,622,68.97,n.巨人 adj.巨大的 
spend,621,68.98,v.花费，消耗 
europes,618,69.00,没有该单词的解释 
measures,617,69.01,没有该单词的解释 
size,616,69.02,n.大小，规模，尺寸 
risks,616,69.03,没有该单词的解释 
communist,616,69.04,n.共产主义者 
funding,615,69.06,没有该单词的解释 
vast,615,69.07,adj.巨大的，宏大的 
action,613,69.08,n.行为，行动 
due,613,69.09,adj.到期的，预定的 
child,612,69.10,n.孩子，儿童 
music,612,69.11,n.音乐，乐曲 
attention,612,69.13,n.注意，关心 
industries,611,69.14,没有该单词的解释 
tend,610,69.15,v.趋向，照料，投标 
agreed,610,69.16,adj.商定的 
everyone,610,69.17,pron.人人，每人 
forced,608,69.19,没有该单词的解释 
leading,606,69.20,adj.领先的，一流的 
regional,606,69.21,adj.地区的，区域的 
russias,605,69.22,没有该单词的解释 
benefit,605,69.23,n.益处，利益 
reasons,605,69.25,没有该单词的解释 
critics,604,69.26,没有该单词的解释 
meeting,604,69.27,n.会议，集会 
declared,603,69.28,没有该单词的解释 
courts,603,69.29,没有该单词的解释 
housing,602,69.30,没有该单词的解释 
employees,602,69.32,没有该单词的解释 
caused,600,69.33,没有该单词的解释 
religious,599,69.34,adj.宗教的，信教的 
relations,599,69.35,没有该单词的解释 
launched,598,69.36,没有该单词的解释 
expensive,595,69.37,adj.昂贵的，高价的 
hundreds,594,69.39,没有该单词的解释 
avoid,594,69.40,v.避免，逃避 
anything,593,69.41,pron.无论什么 
changed,593,69.42,没有该单词的解释 
lose,591,69.43,v.失去，丢失，输 
farmers,590,69.44,没有该单词的解释 
sign,590,69.45,n.告示，迹象，符号 
protests,590,69.47,没有该单词的解释 
period,587,69.48,n.时期，句号 
questions,587,69.49,没有该单词的解释 
stand,586,69.50,v.站立，坐落，忍受 
computers,586,69.51,没有该单词的解释 
spread,585,69.52,v.伸开，散布，传播 
round,585,69.53,adj.圆形的adv.在周围 
usually,585,69.55,adv.通常，平常 
hands,585,69.56,没有该单词的解释 
cuts,584,69.57,没有该单词的解释 
wanted,584,69.58,没有该单词的解释 
available,584,69.59,adj.可得到的 
offers,582,69.60,没有该单词的解释 
worked,582,69.61,没有该单词的解释 
reach,580,69.63,v.到达，伸手，够到 
revenues,580,69.64,没有该单词的解释 
giving,580,69.65,没有该单词的解释 
involved,580,69.66,adj.涉及的，复杂的 
sent,579,69.67,没有该单词的解释 
presidents,579,69.68,没有该单词的解释 
paris,579,69.69,n.巴黎 
beijing,578,69.70,没有该单词的解释 
barack,577,69.72,没有该单词的解释 
game,577,69.73,n.游戏，比赛，猎物 
eastern,577,69.74,adj.东的，朝东的 
saw,577,69.75,v.,n.锯 
strategy,576,69.76,n.战略，策略，计谋 
peoples,576,69.77,没有该单词的解释 
august,575,69.78,n.八月 
canada,575,69.79,n.加拿大 
improve,574,69.81,v.改善，提高 
require,573,69.82,v.需要，请求 
ministers,572,69.83,没有该单词的解释 
raised,572,69.84,没有该单词的解释 
italy,572,69.85,n.意大利 
trouble,571,69.86,n.,v.麻烦 
promises,571,69.87,没有该单词的解释 
israel,569,69.88,没有该单词的解释 
independent,569,69.90,adj.独立的 
performance,569,69.91,n.执行，演出 
deficit,569,69.92,n.赤字 
explains,569,69.93,没有该单词的解释 
freedom,569,69.94,n.自由，免除 
reckons,568,69.95,没有该单词的解释 
mass,568,69.96,media   n.传媒工具，新闻界 
board,568,69.97,n.木板，伙食，董事会 
traditional,568,69.98,adj.传统的 
brazil,566,69.99,n.巴西 
